{"cameraMode":{"drawMode":0,"name":"Shaded","section":"Shading Mode"},"sceneLighting":true,"audioPlay":false,"sceneViewState":{"showFog":true,"showMaterialUpdate":true,"showSkybox":true,"showFlares":true,"showImageEffects":true,"showParticleSystems":true},"in2DMode":false,"pivot":{"x":95.858154296875,"y":7.719970703125,"z":126.17578125},"rotation":{"x":0.257811576128006,"y":0.7394404411315918,"z":-0.4754980504512787,"w":0.40082740783691409},"size":726.538330078125,"orthographic":true}