{"cameraMode":{"drawMode":0,"name":"Shaded","section":"Shading Mode"},"sceneLighting":true,"audioPlay":false,"sceneViewState":{"showFog":true,"showMaterialUpdate":false,"showSkybox":true,"showFlares":true,"showImageEffects":true,"showParticleSystems":true},"in2DMode":false,"pivot":{"x":318.978515625,"y":26.450439453125,"z":377.6015625},"rotation":{"x":0.1477508246898651,"y":0.30549177527427676,"z":-0.04804668575525284,"w":0.9394338726997376},"size":462.8347473144531,"orthographic":true}