{"cameraMode":{"drawMode":0,"name":"Shaded","section":"Shading Mode"},"sceneLighting":false,"audioPlay":false,"sceneViewState":{"showFog":true,"showMaterialUpdate":true,"showSkybox":true,"showFlares":true,"showImageEffects":true,"showParticleSystems":true},"in2DMode":false,"pivot":{"x":-5.59289026260376,"y":-0.00984954833984375,"z":9.907155990600586},"rotation":{"x":0.17954936623573304,"y":-0.3850487470626831,"z":0.07667709141969681,"w":0.9020089507102966},"size":22.0,"orthographic":true}